제품코드,제품명,업체명,규격,단위,급여구분,투여경로,약효분류번호,저가필수구분,전문일반구분,생동인정제품,주성분코드,임의조제불가구분,사용장려비용가산,상한가,예외약1,예외약2,적용개시일자,적용종료일자
650001900,잔탁정150밀리그램(라니티딘염산염)_(0.168g/1정),(주)글락소스미스클라인,1,정,급여정지,내복,232,,전문,,222801ATB,,0,267,,,2019-09-27,
051600030,잔탁정75밀리그램(라니티딘염산염)_(84mg/1정),(주)글락소스미스클라인컨슈머헬스케어코리아,1,정,급여정지,내복,232,,일반,,222805ATB,,0,182,,,2019-09-27,
650001061,잔탁주(라니티딘염산염)_(56mg/2mL),(주)글락소스미스클라인,2,mL/앰플,급여정지,주사,232,,전문,,222830BIJ,,0,630,,,2019-09-27,
650001900,잔탁정150밀리그램(라니티딘염산염)_(0.168g/1정),(주)글락소스미스클라인,1,정,급여,내복,232,,전문,,222801ATB,,0,267,,,2018-02-01,2019-09-26
650001900,잔탁정150밀리그램(라니티딘염산염)_(0.168g/1정),(주)글락소스미스클라인,1,정,급여,내복,232,,전문,,222801ATB,,0,268,,,2017-02-01,2018-01-31
051600030,잔탁정75밀리그램(라니티딘염산염)_(84mg/1정),(주)글락소스미스클라인컨슈머헬스케어코리아,1,정,급여,내복,232,,일반,,222805ATB,,0,182,,,2017-02-01,2019-09-26
650001061,잔탁주(라니티딘염산염)_(56mg/2mL),(주)글락소스미스클라인,2,mL/앰플,급여,주사,232,,전문,,222830BIJ,,0,630,,,2017-02-01,2019-09-26
650001060,잔탁주(라니티딘염산염),(주)글락소스미스클라인,2,ml/앰플,삭제,주사,232,,전문,,222804BIJ,,0,0,,,2016-10-01,
650001890,잔탁정75밀리그램(라니티딘염산염),(주)글락소스미스클라인,1,정,삭제,내복,232,,일반,,222805ATB,,0,0,,,2016-08-01,
650001900,잔탁정150밀리그램(라니티딘염산염),(주)글락소스미스클라인,1,정,급여,내복,232,,전문,,222801ATB,,0,268,,,2016-03-01,2017-01-31
051600030,잔탁정75밀리그램(라니티딘염산염),(주)글락소스미스클라인컨슈머헬스케어코리아,1,정,급여,내복,232,,일반,,222805ATB,,0,182,,,2016-03-01,2017-01-31
650001890,잔탁정75밀리그램(라니티딘염산염),(주)글락소스미스클라인,1,정,급여,내복,232,,일반,,222805ATB,,0,182,,,2016-03-01,2016-07-31
051600030,잔탁정75밀리그램(라니티딘염산염),(주)글락소스미스클라인컨슈머헬스케어코리아,1,정,급여,내복,232,,일반,,222805ATB,,0,183,,,2016-02-01,2016-02-29
650001061,잔탁주(라니티딘염산염),(주)글락소스미스클라인,2,mL/앰플,급여,주사,232,,전문,,222830BIJ,,0,630,,,2016-01-01,2017-01-31
650001060,잔탁주(라니티딘염산염),(주)글락소스미스클라인,2,ml/앰플,급여,주사,232,,전문,,222804BIJ,,0,630,,,2014-07-01,2016-09-30
650001900,잔탁정150밀리그램(라니티딘염산염),(주)글락소스미스클라인,1,정,급여,내복,232,,전문,,222801ATB,,0,270,,,2014-02-01,2016-02-29
650001890,잔탁정75밀리그램(라니티딘염산염),(주)글락소스미스클라인,1,정,급여,내복,232,,일반,,222805ATB,,0,183,,,2014-02-01,2016-02-29
650001060,잔탁주(라니티딘염산염),(주)글락소스미스클라인,2,ml/앰플,급여,주사,232,,전문,,222804BIJ,,0,700,,,2014-02-01,2014-06-30
650001900,잔탁정150밀리그램(라니티딘염산염),(주)글락소스미스클라인,1,정,급여,내복,232,,전문,,222801ATB,,0,270,,,2013-07-01,2014-01-31
650001890,잔탁정75밀리그램(라니티딘염산염),(주)글락소스미스클라인,1,정,급여,내복,232,,일반,,222805ATB,,0,183,,,2013-07-01,2014-01-31
650001060,잔탁주(라니티딘염산염),(주)글락소스미스클라인,2,ml/앰플,급여,주사,232,,전문,,222804BIJ,,0,700,,,2013-07-01,2014-01-31
650001890,잔탁정75밀리그램(라니티딘염산염),(주)글락소스미스클라인,1,정,급여,내복,232,,일반,,222805ATB,,0,203,,,2013-03-01,2013-06-30
650001900,잔탁정150밀리그램(라니티딘염산염),(주)글락소스미스클라인,1,정,급여,내복,232,,전문,,222801ATB,,0,300,,,2012-07-01,2013-06-30
650001890,잔탁정75밀리그램(라니티딘염산염),(주)글락소스미스클라인,1,정,급여,내복,232,,전문,,222805ATB,,0,203,,,2012-07-01,2013-02-28
650001060,잔탁주(라니티딘염산염),(주)글락소스미스클라인,2,ml/앰플,급여,주사,232,,전문,,222804BIJ,,0,758,,,2012-07-01,2013-06-30
650001900,잔탁정150밀리그램(라니티딘염산염),(주)글락소스미스클라인,1,정,급여,내복,232,,전문,,222801ATB,,0,335,,,2012-04-01,2012-06-30
650001890,잔탁정75밀리그램(라니티딘염산염),(주)글락소스미스클라인,1,정,급여,내복,232,,전문,,222805ATB,,0,227,,,2012-04-01,2012-06-30
650001060,잔탁주(라니티딘염산염),(주)글락소스미스클라인,2,ml/앰플,급여,주사,232,,전문,,222804BIJ,,0,824,,,2012-04-01,2012-06-30
650001900,잔탁정150밀리그램(라니티딘염산염),(주)글락소스미스클라인,1,정,급여,내복,232,,전문,,222801ATB,,0,467,,,2011-07-01,2012-03-31
650001890,잔탁정75밀리그램(라니티딘염산염),(주)글락소스미스클라인,1,정,급여,내복,232,,전문,,222805ATB,,0,316,,,2011-07-01,2012-03-31
650001060,잔탁주(라니티딘염산염),(주)글락소스미스클라인,2,ml/앰플,급여,주사,232,,전문,,222804BIJ,,0,883,,,2011-07-01,2012-03-31
650001900,잔탁정150밀리그램(라니티딘염산염),(주)글락소스미스클라인,1,정,급여,내복,232,,전문,,222801ATB,,0,501,,,2011-06-01,2011-06-30
W20891851,잔탁정,글락소스미스클라인,1,정,삭제,내복,232,,전문,,222801ATB,,0,0,,,2010-05-01,
W20891831,잔탁정75mg,글락소스미스클라인,1,정,삭제,내복,232,,전문,,222805ATB,,0,0,,,2010-05-01,
W20890481,잔탁주,글락소스미스클라인,2,ml/앰플,삭제,주사,232,,전문,,222804BIJ,,0,0,,,2010-05-01,
A00400981,잔탁정,글락소스미스클라인,1,정,삭제,내복,232,,전문,,222801ATB,,0,0,,,2009-09-01,
A00450061,잔탁정75mg,글락소스미스클라인,1,정,삭제,내복,232,,전문,,222805ATB,,0,0,,,2009-06-01,
W20891851,잔탁정,글락소스미스클라인,1,정,급여,내복,232,,전문,,222801ATB,,0,502,,,2009-03-01,2010-04-30
650001900,잔탁정150밀리그램(라니티딘염산염),(주)글락소스미스클라인,1,정,급여,내복,232,,전문,,222801ATB,,0,502,,,2009-03-01,2011-05-31
A00400981,잔탁정,글락소스미스클라인,1,정,급여,내복,232,,전문,,222801ATB,,0,502,,,2009-02-01,2009-08-31
A00450061,잔탁정75mg,글락소스미스클라인,1,정,급여,내복,232,,전문,,222805ATB,,0,340,,,2009-02-01,2009-05-31
W20891831,잔탁정75mg,글락소스미스클라인,1,정,급여,내복,232,,전문,,222805ATB,,0,340,,,2009-02-01,2010-04-30
650001890,잔탁정75밀리그램(라니티딘염산염),(주)글락소스미스클라인,1,정,급여,내복,232,,전문,,222805ATB,,0,340,,,2009-02-01,2011-06-30
W20891831,잔탁정75mg,글락소스미스클라인,1,정,급여,내복,232,,전문,,222805ATB,,0,342,,,2008-12-01,2009-01-31
650001890,잔탁정75밀리그램(라니티딘염산염),(주)글락소스미스클라인,1,정,급여,내복,232,,전문,,222805ATB,,0,342,,,2008-12-01,2009-01-31
A00400981,잔탁정,글락소스미스클라인,1,정,급여,내복,232,,전문,,222801ATB,,0,503,,,2007-12-01,2009-01-31
A00400981,잔탁정,글락소스미스클라인,1,정,급여,내복,232,,전문,,222801ATB,,0,504,,,2006-09-01,2007-11-30
A00400981,잔탁정,글락소스미스클라인,1,정,급여,내복,232,,전문,,222801ATB,,0,505,,,2006-06-01,2006-08-31
A00450061,잔탁정75mg,글락소스미스클라인,1,정,급여,내복,232,,전문,,222805ATB,,0,342,,,2006-06-01,2009-01-31
A00401051,잔탁주,글락소스미스클라인,1,앰플,삭제,주사,232,,전문,,222804BIJ,,0,0,52,,2006-04-01,
W20890481,잔탁주,글락소스미스클라인,2,ml/앰플,급여,주사,232,,전문,,222804BIJ,,0,949,,,2005-11-01,2010-04-30
650001060,잔탁주(라니티딘염산염),(주)글락소스미스클라인,2,ml/앰플,급여,주사,232,,전문,,222804BIJ,,0,949,,,2005-11-01,2011-06-30
A00400981,잔탁정,글락소스미스클라인,1,정,급여,내복,232,,전문,,222801ATB,,0,505,,,2005-08-01,2006-05-31
A00450061,잔탁정75mg,글락소스미스클라인,1,정,급여,내복,232,,전문,,222805ATB,,0,342,,,2005-01-10,2006-05-31
A00400981,잔탁정,글락소스미스클라인,1,정,급여,내복,232,,전문,,222801ATB,,0,506,,,2002-12-07,2005-07-31
A00450061,잔탁정75mg,글락소스미스클라인,1,정,미생산,내복,232,,전문,,222805ATB,,0,342,,,2002-12-07,2005-01-09
A00400981,잔탁정,글락소스미스클라인,1,정,급여,내복,232,,전문,,222801ATB,,0,506,,,2002-09-03,2002-12-06
A00450061,잔탁정75mg,글락소스미스클라인,1,정,미생산,내복,232,,전문,,222805ATB,,0,342,,,2002-09-03,2002-12-06
A00400981,잔탁정,글락소스미스클라인,1,정,급여,내복,232,,전문,,222801ATB,,0,506,,,2002-04-09,2002-09-02
A00450061,잔탁정75mg,글락소스미스클라인,1,정,미생산,내복,232,,전문,,222805ATB,,0,342,,,2002-04-09,2002-09-02
A00450061,잔탁정75mg,글락소스미스클라인,1,정,미생산,내복,232,,전문,,222805ATB,,0,342,,,2002-01-01,2002-04-08
A00400981,잔탁정,글락소스미스클라인,1,정,급여,내복,232,,전문,비교용출시험,222801ATB,,0,506,,,2001-11-23,2002-04-08
A00401051,잔탁주,글락소스미스클라인,1,앰플,급여,주사,232,,전문,,222804BIJ,,0,949,52,,2001-11-15,2006-03-31
A00400981,잔탁정,글락소스미스클라인,1,정,급여,내복,232,,전문,비교용출시험,222801ATB,,0,506,,,2001-04-01,2001-11-22
A00400981,잔탁정,글락소스미스클라인,1,정,급여,내복,232,,전문,비교용출시험,222801ATB,,0,510,,,2000-07-01,2001-03-31
A00450061,잔탁정75mg,글락소스미스클라인,1,정,급여,내복,232,,전문,,222805ATB,,0,342,,,2000-07-01,2001-12-31
A00401051,잔탁주,글락소스미스클라인,1,앰플,급여,주사,232,,전문,,222804BIJ,,0,949,51,,2000-07-01,2001-11-14
A00400981,잔탁정,글락소스미스클라인,1,정,급여,내복,232,,,,222801ATB,,0,510,,,1999-11-15,2000-06-30
A00450061,잔탁정75mg,글락소스미스클라인,1,정,급여,내복,232,,,,222805ATB,,0,342,,,1999-11-15,2000-06-30
A00401051,잔탁주,글락소스미스클라인,1,앰플,급여,주사,232,,,,222804BIJ,,0,949,,,1999-11-15,2000-06-30
A00400981,잔탁정,글락소스미스클라인,1,정,급여,내복,232,,,,222801ATB,,0,677,,,1998-02-01,1999-11-14
A00450061,잔탁정75mg,글락소스미스클라인,1,정,급여,내복,232,,,,222805ATB,,0,451,,,1998-02-01,1999-11-14
A00401051,잔탁주,글락소스미스클라인,1,앰플,급여,주사,232,,,,222804BIJ,,0,"1,306",,,1997-02-01,1999-11-14
A00401051,잔탁주,글락소스미스클라인,1,앰플,급여,주사,232,,,,222804BIJ,,0,"1,344",,,1994-05-01,1997-01-31
A00400981,잔탁정,글락소스미스클라인,1,정,급여,내복,232,,,,222801ATB,,0,630,,,1992-12-01,1998-01-31
A00400981,잔탁정,글락소스미스클라인,1,정,급여,내복,232,,,,222801ATB,,0,699,,,1992-02-01,1992-11-30
A00401051,잔탁주,글락소스미스클라인,1,앰플,급여,주사,232,,,,222804BIJ,,0,"1,457",,,1992-02-01,1994-04-30
A00400981,잔탁정,글락소스미스클라인,1,정,급여,내복,232,,,,222801ATB,,0,736,,,1991-01-01,1992-01-31
A00401051,잔탁주,글락소스미스클라인,1,앰플,급여,주사,232,,,,222804BIJ,,0,"1,556",,,1991-01-01,1992-01-31
A00400981,잔탁정,글락소스미스클라인,1,정,급여,내복,232,,,,222801ATB,,0,751,,,1990-09-01,1990-12-31
A00400981,잔탁정,글락소스미스클라인,1,정,급여,내복,232,,,,222801ATB,,0,759,,,1989-10-01,1990-08-31
A00401051,잔탁주,글락소스미스클라인,1,앰플,급여,주사,232,,,,222804BIJ,,0,"1,619",,,1989-10-01,1990-12-31
